x,y
0.0,583.1310232780776
0.00025,583.1310232780776
0.0005,583.1310232780776
0.00075,583.1310232780776
0.001,583.1310232780776
0.00125,583.1310232780776
0.0015,583.1310232780776
0.00175,583.1310232780776
0.002,583.1310232780776
0.00225,583.1310232780776
0.0025,583.1310232780776
0.00275,583.1310232780776
0.003,583.1310232780776
0.00325,583.1310232780776
0.0035,583.1310232780776
0.00375,583.1310232780776
0.004,583.1310232780776
0.00425,583.1310232780776
0.0045,583.1310232780776
0.00475,583.1310232780776
0.005,583.1310232780776
0.00525,583.1310232780776
0.0055,583.1310232780776
0.00575,583.1310232780776
0.006,583.1310232780776
0.00625,583.1310232780776
0.0065,583.1310232780776
0.00675,583.1310232780776
0.007,583.1310232780776
0.00725,583.1310232780776
0.0075,583.1310232780776
0.00775,583.1310232780776
0.008,583.1310232780776
0.00825,583.1310232780776
0.0085,583.1310232780776
0.00875,583.1310232780776
0.009,583.1310232780776
0.00925,583.1310232780776
0.0095,583.1310232780776
0.00975,583.1310232780776
0.01,583.1310232780776
0.01025,583.1310232780776
0.0105,583.1310232780776
0.01075,583.1310232780776
0.011,583.1310232780776
0.01125,583.1310232780776
0.0115,583.1310232780776
0.01175,583.1310232780776
0.012,583.1310232780776
0.01225,583.1310232780776
0.0125,583.1310232780776
0.01275,583.1310232780776
0.013,583.1310232780776
0.01325,583.1310232780776
0.0135,583.1310232780776
0.01375,583.1310232780776
0.014,583.1310232780776
0.01425,583.1310232780776
0.0145,583.1310232780776
0.01475,583.1310232780776
0.015,583.1310232780776
0.01525,583.1310232780776
0.0155,583.1310232780776
0.01575,583.1310232780776
0.016,583.1310232780776
0.01625,583.1310232780776
0.0165,583.1310232780776
0.01675,583.1310232780776
0.017,583.1310232780776
0.01725,583.1310232780776
0.0175,583.1310232780776
0.01775,583.1310232780776
0.018,583.1310232780776
0.01825,583.1310232780776
0.0185,583.1310232780776
0.01875,583.1310232780776
0.019,583.1310232780776
0.01925,583.1310232780776
0.0195,583.1310232780776
0.01975,583.1310232780776
0.02,583.1310232780776
0.02025,583.1310232780776
0.0205,583.1310232780776
0.02075,583.1310232780776
0.021,583.1310232780776
0.02125,583.1310232780776
0.0215,583.1310232780776
0.02175,583.1310232780776
0.022,583.1310232780776
0.02225,583.1310232780776
0.0225,583.1310232780776
0.02275,583.1310232780776
0.023,583.1310232780776
0.02325,583.1310232780776
0.0235,583.1310232780776
0.02375,583.1310232780776
0.024,583.1310232780776
0.02425,583.1310232780776
0.0245,583.1310232780776
0.02475,583.1310232780776
0.025,583.1310232780776
0.02525,583.1310232780776
0.0255,583.1310232780776
0.02575,583.1310232780776
0.026,583.1310232780776
0.02625,583.1310232780776
0.0265,583.1310232780776
0.02675,583.1310232780776
0.027,583.1310232780776
0.02725,583.1310232780776
0.0275,583.1310232780776
0.02775,583.1310232780776
0.028,583.1310232780776
0.02825,583.1310232780776
0.0285,583.1310232780776
0.02875,583.1310232780776
0.029,583.1310232780776
0.02925,583.1310232780776
0.0295,583.1310232780776
0.02975,583.1310232780776
0.03,583.1310232780776
0.03025,583.1310232780776
0.0305,583.1310232780776
0.03075,583.1310232780776
0.031,583.1310232780776
0.03125,583.1310232780776
0.0315,583.1310232780776
0.03175,583.1310232780776
0.032,583.1310232780776
0.03225,583.1310232780776
0.0325,583.1310232780776
0.03275,583.1310232780776
0.033,583.1310232780776
0.03325,583.1310232780776
0.0335,583.1310232780776
0.03375,583.1310232780776
0.034,583.1310232780776
0.03425,583.1310232780776
0.0345,583.1310232780776
0.03475,583.1310232780776
0.035,583.1310232780776
0.03525,583.1310232780776
0.0355,583.1310232780776
0.03575,583.1310232780776
0.036,583.1310232780776
0.03625,583.1310232780776
0.0365,583.1310232780776
0.03675,583.1310232780776
0.037,583.1310232780776
0.03725,583.1310232780776
0.0375,583.1310232780776
0.03775,583.1310232780776
0.038,583.1310232780776
0.03825,583.1310232780776
0.0385,583.1310232780776
0.03875,583.1310232780776
0.039,583.1310232780776
0.03925,583.1310232780776
0.0395,583.1310232780776
0.03975,583.1310232780776
0.04,583.1310232780776
0.04025,583.1310232780776
0.0405,583.1310232780776
0.04075,583.1310232780776
0.041,583.1310232780776
0.04125,583.1310232780776
0.0415,583.1310232780776
0.04175,583.1310232780776
0.042,583.1310232780776
0.04225,583.1310232780776
0.0425,583.1310232780776
0.04275,583.1310232780776
0.043,583.1310232780776
0.04325,583.1310232780776
0.0435,583.1310232780776
0.04375,583.1310232780776
0.044,583.1310232780776
0.04425,583.1310232780776
0.0445,583.1310232780776
0.04475,583.1310232780776
0.045,583.1310232780776
0.04525,583.1310232780776
0.0455,583.1310232780776
0.04575,583.1310232780776
0.046,583.1310232780776
0.04625,583.1310232780776
0.0465,583.1310232780776
0.04675,583.1310232780776
0.047,583.1310232780776
0.04725,583.1310232780776
0.0475,583.1310232780776
0.04775,583.1310232780776
0.048,583.1310232780776
0.04825,583.1310232780776
0.0485,583.1310232780776
0.04875,583.1310232780776
0.049,583.1310232780776
0.04925,583.1310232780776
0.0495,583.1310232780776
0.04975,583.1310232780776
0.05,583.1310232780776
0.05025,583.1310232780776
0.0505,583.1310232780776
0.05075,583.1310232780776
0.051,583.1310232780776
0.05125,583.1310232780776
0.0515,583.1310232780776
0.05175,583.1310232780776
0.052,583.1310232780776
0.05225,583.1310232780776
0.0525,583.1310232780776
0.05275,583.1310232780776
0.053,583.1310232780776
0.05325,583.1310232780776
0.0535,583.1310232780776
0.05375,583.1310232780776
0.054,583.1310232780776
0.05425,583.1310232780776
0.0545,583.1310232780776
0.05475,583.1310232780776
0.055,583.1310232780776
0.05525,583.1310232780776
0.0555,583.1310232780776
0.05575,583.1310232780776
0.056,583.1310232780776
0.05625,583.1310232780776
0.0565,583.1310232780776
0.05675,583.1310232780776
0.057,583.1310232780776
0.05725,583.1310232780776
0.0575,583.1310232780776
0.05775,583.1310232780776
0.058,583.1310232780776
0.05825,583.1310232780776
0.0585,583.1310232780776
0.05875,583.1310232780776
0.059,583.1310232780776
0.05925,583.1310232780776
0.0595,583.1310232780776
0.05975,583.1310232780776
0.06,583.1310232780776
0.06025,583.1310232780776
0.0605,583.1310232780776
0.06075,583.1310232780776
0.061,583.1310232780776
0.06125,583.1310232780776
0.0615,583.1310232780776
0.06175,583.1310232780776
0.062,583.1310232780776
0.06225,583.1310232780776
0.0625,583.1310232780776
0.06275,583.1310232780776
0.063,583.1310232780776
0.06325,583.1310232780776
0.0635,583.1310232780776
0.06375,583.1310232780776
0.064,583.1310232780776
0.06425,583.1310232780776
0.0645,583.1310232780776
0.06475,583.1310232780776
0.065,583.1310232780776
0.06525,583.1310232780776
0.0655,583.1310232780776
0.06575,583.1310232780776
0.066,583.1310232780776
0.06625,583.1310232780776
0.0665,583.1310232780776
0.06675,583.1310232780776
0.067,583.1310232780776
0.06725,583.1310232780776
0.0675,583.1310232780776
0.06775,583.1310232780776
0.068,583.1310232780776
0.06825,583.1310232780776
0.0685,583.1310232780776
0.06875,583.1310232780776
0.069,583.1310232780776
0.06925,583.1310232780776
0.0695,583.1310232780776
0.06975,583.1310232780776
0.07,583.1310232780776
0.07025,583.1310232780776
0.0705,583.1310232780776
0.07075,583.1310232780776
0.071,583.1310232780776
0.07125,583.1310232780776
0.0715,583.1310232780776
0.07175,583.1310232780776
0.072,583.1310232780776
0.07225,583.1310232780776
0.0725,583.1310232780776
0.07275,583.1310232780776
0.073,583.1310232780776
0.07325,583.1310232780776
0.0735,583.1310232780776
0.07375,583.1310232780776
0.074,583.1310232780776
0.07425,583.1310232780776
0.0745,583.1310232780776
0.07475,583.1310232780776
0.075,583.1310232780776
0.07525,583.1310232780776
0.0755,583.1310232780776
0.07575,583.1310232780776
0.076,583.1310232780776
0.07625,583.1310232780776
0.0765,583.1310232780776
0.07675,583.1310232780776
0.077,583.1310232780776
0.07725,583.1310232780776
0.0775,583.1310232780776
0.07775,583.1310232780776
0.078,583.1310232780776
0.07825,583.1310232780776
0.0785,583.1310232780776
0.07875,583.1310232780776
0.079,583.1310232780776
0.07925,583.1310232780776
0.0795,583.1310232780776
0.07975,583.1310232780776
0.08,583.1310232780776
0.08025,583.1310232780776
0.0805,583.1310232780776
0.08075,583.1310232780776
0.081,583.1310232780776
0.08125,583.1310232780776
0.0815,583.1310232780776
0.08175,583.1310232780776
0.082,583.1310232780776
0.08225,583.1310232780776
0.0825,583.1310232780776
0.08275,583.1310232780776
0.083,583.1310232780776
0.08325,583.1310232780776
0.0835,583.1310232780776
0.08375,583.1310232780776
0.084,583.1310232780776
0.08425,583.1310232780776
0.0845,583.1310232780776
0.08475,583.1310232780776
0.085,583.1310232780776
0.08525,583.1310232780776
0.0855,583.1310232780776
0.08575,583.1310232780776
0.086,583.1310232780776
0.08625,583.1310232780776
0.0865,583.1310232780776
0.08675,583.1310232780776
0.087,583.1310232780776
0.08725,583.1310232780776
0.0875,583.1310232780776
0.08775,583.1310232780776
0.088,583.1310232780776
0.08825,583.1310232780776
0.0885,583.1310232780776
0.08875,583.1310232780776
0.089,583.1310232780776
0.08925,583.1310232780776
0.0895,583.1310232780776
0.08975,583.1310232780776
0.09,583.1310232780776
0.09025,583.1310232780776
0.0905,583.1310232780776
0.09075,583.1310232780776
0.091,583.1310232780776
0.09125,583.1310232780776
0.0915,583.1310232780776
0.09175,583.1310232780776
0.092,583.1310232780776
0.09225,583.1310232780776
0.0925,583.1310232780776
0.09275,583.1310232780776
0.093,583.1310232780776
0.09325,583.1310232780776
0.0935,583.1310232780776
0.09375,583.1310232780776
0.094,583.1310232780776
0.09425,583.1310232780776
0.0945,583.1310232780776
0.09475,583.1310232780776
0.095,583.1310232780776
0.09525,583.1310232780776
0.0955,583.1310232780776
0.09575,583.1310232780776
0.096,583.1310232780776
0.09625,583.1310232780776
0.0965,583.1310232780776
0.09675,583.1310232780776
0.097,583.1310232780776
0.09725,583.1310232780776
0.0975,583.1310232780776
0.09775,583.1310232780776
0.098,583.1310232780776
0.09825,583.1310232780776
0.0985,583.1310232780776
0.09875,583.1310232780776
0.099,583.1310232780776
0.09925,583.1310232780776
0.0995,583.1310232780776
0.09975,583.1310232780776
0.1,583.1310232780776
0.10025,583.1310232780776
0.1005,583.1310232780776
0.10075,583.1310232780776
0.101,583.1310232780776
0.10125,583.1310232780776
0.1015,583.1310232780776
0.10175,583.1310232780776
0.102,583.1310232780776
0.10225,583.1310232780776
0.1025,583.1310232780776
0.10275,583.1310232780776
0.103,583.1310232780776
0.10325,583.1310232780776
0.1035,583.1310232780776
0.10375,583.1310232780776
0.104,583.1310232780776
0.10425,583.1310232780776
0.1045,583.1310232780776
0.10475,583.1310232780776
0.105,583.1310232780776
0.10525,583.1310232780776
0.1055,583.1310232780776
0.10575,583.1310232780776
0.106,583.1310232780776
0.10625,583.1310232780776
0.1065,583.1310232780776
0.10675,583.1310232780776
0.107,583.1310232780776
0.10725,583.1310232780776
0.1075,583.1310232780776
0.10775,583.1310232780776
0.108,583.1310232780776
0.10825,583.1310232780776
0.1085,583.1310232780776
0.10875,583.1310232780776
0.109,583.1310232780776
0.10925,583.1310232780776
0.1095,583.1310232780776
0.10975,583.1310232780776
0.11,583.1310232780776
0.11025,583.1310232780776
0.1105,583.1310232780776
0.11075,583.1310232780776
0.111,583.1310232780776
0.11125,583.1310232780776
0.1115,583.1310232780776
0.11175,583.1310232780776
0.112,583.1310232780776
0.11225,583.1310232780776
0.1125,583.1310232780776
0.11275,583.1310232780776
0.113,583.1310232780776
0.11325,583.1310232780776
0.1135,583.1310232780776
0.11375,583.1310232780776
0.114,583.1310232780776
0.11425,583.1310232780776
0.1145,583.1310232780776
0.11475,583.1310232780776
0.115,583.1310232780776
0.11525,583.1310232780776
0.1155,583.1310232780776
0.11575,583.1310232780776
0.116,583.1310232780776
0.11625,583.1310232780776
0.1165,583.1310232780776
0.11675,583.1310232780776
0.117,583.1310232780776
0.11725,583.1310232780776
0.1175,583.1310232780776
0.11775,583.1310232780776
0.118,583.1310232780776
0.11825,583.1310232780776
0.1185,583.1310232780776
0.11875,583.1310232780776
0.119,583.1310232780776
0.11925,583.1310232780776
0.1195,583.1310232780776
0.11975,583.1310232780776
0.12,583.1310232780776
0.12025,583.1310232780776
0.1205,583.1310232780776
0.12075,583.1310232780776
0.121,583.1310232780776
0.12125,583.1310232780776
0.1215,583.1310232780776
0.12175,583.1310232780776
0.122,583.1310232780776
0.12225,583.1310232780776
0.1225,583.1310232780776
0.12275,583.1310232780776
0.123,583.1310232780776
0.12325,583.1310232780776
0.1235,583.1310232780776
0.12375,583.1310232780776
0.124,583.1310232780776
0.12425,583.1310232780776
0.1245,583.1310232780776
0.12475,583.1310232780776
0.125,583.1310232780776
0.12525,583.1310232780776
0.1255,583.1310232780776
0.12575,583.1310232780776
0.126,583.1310232780776
0.12625,583.1310232780776
0.1265,583.1310232780776
0.12675,583.1310232780776
0.127,583.1310232780776
0.12725,583.1310232780776
0.1275,583.1310232780776
0.12775,583.1310232780776
0.128,583.1310232780776
0.12825,583.1310232780776
0.1285,583.1310232780776
0.12875,583.1310232780776
0.129,583.1310232780776
0.12925,583.1310232780776
0.1295,583.1310232780776
0.12975,583.1310232780776
0.13,583.1310232780776
0.13025,583.1310232780776
0.1305,583.1310232780776
0.13075,583.1310232780776
0.131,583.1310232780776
0.13125,583.1310232780776
0.1315,583.1310232780776
0.13175,583.1310232780776
0.132,583.1310232780776
0.13225,583.1310232780776
0.1325,583.1310232780776
0.13275,583.1310232780776
0.133,583.1310232780776
0.13325,583.1310232780776
0.1335,583.1310232780776
0.13375,583.1310232780776
0.134,583.1310232780776
0.13425,583.1310232780776
0.1345,583.1310232780776
0.13475,583.1310232780776
0.135,583.1310232780776
0.13525,583.1310232780776
0.1355,583.1310232780776
0.13575,583.1310232780776
0.136,583.1310232780776
0.13625,583.1310232780776
0.1365,583.1310232780776
0.13675,583.1310232780776
0.137,583.1310232780776
0.13725,583.1310232780776
0.1375,583.1310232780776
0.13775,583.1310232780776
0.138,583.1310232780776
0.13825,583.1310232780776
0.1385,583.1310232780776
0.13875,583.1310232780776
0.139,583.1310232780776
0.13925,583.1310232780776
0.1395,583.1310232780776
0.13975,583.1310232780776
0.14,583.1310232780776
0.14025,583.1310232780776
0.1405,583.1310232780776
0.14075,583.1310232780776
0.141,583.1310232780776
0.14125,583.1310232780776
0.1415,583.1310232780776
0.14175,583.1310232780776
0.142,583.1310232780776
0.14225,583.1310232780776
0.1425,583.1310232780776
0.14275,583.1310232780776
0.143,583.1310232780776
0.14325,583.1310232780776
0.1435,583.1310232780776
0.14375,583.1310232780776
0.144,583.1310232780776
0.14425,583.1310232780776
0.1445,583.1310232780776
0.14475,583.1310232780776
0.145,583.1310232780776
0.14525,583.1310232780776
0.1455,583.1310232780776
0.14575,583.1310232780776
0.146,583.1310232780776
0.14625,583.1310232780776
0.1465,583.1310232780776
0.14675,583.1310232780776
0.147,583.1310232780776
0.14725,583.1310232780776
0.1475,583.1310232780776
0.14775,583.1310232780776
0.148,583.1310232780776
0.14825,583.1310232780776
0.1485,583.1310232780776
0.14875,583.1310232780776
0.149,583.1310232780776
0.14925,583.1310232780776
0.1495,583.1310232780776
0.14975,583.1310232780776
0.15,583.1310232780776
0.15025,583.1310232780776
0.1505,583.1310232780776
0.15075,583.1310232780776
0.151,583.1310232780776
0.15125,583.1310232780776
0.1515,583.1310232780776
0.15175,583.1310232780776
0.152,583.1310232780776
0.15225,583.1310232780776
0.1525,583.1310232780776
0.15275,583.1310232780776
0.153,583.1310232780776
0.15325,583.1310232780776
0.1535,583.1310232780776
0.15375,583.1310232780776
0.154,583.1310232780776
0.15425,583.1310232780776
0.1545,583.1310232780776
0.15475,583.1310232780776
0.155,583.1310232780776
0.15525,583.1310232780776
0.1555,583.1310232780776
0.15575,583.1310232780776
0.156,583.1310232780776
0.15625,583.1310232780776
0.1565,583.1310232780776
0.15675,583.1310232780776
0.157,583.1310232780776
0.15725,583.1310232780776
0.1575,583.1310232780776
0.15775,583.1310232780776
0.158,583.1310232780776
0.15825,583.1310232780776
0.1585,583.1310232780776
0.15875,583.1310232780776
0.159,583.1310232780776
0.15925,583.1310232780776
0.1595,583.1310232780776
0.15975,583.1310232780776
0.16,583.1310232780776
0.16025,583.1310232780776
0.1605,583.1310232780776
0.16075,583.1310232780776
0.161,583.1310232780776
0.16125,583.1310232780776
0.1615,583.1310232780776
0.16175,583.1310232780776
0.162,583.1310232780776
0.16225,583.1310232780776
0.1625,583.1310232780776
0.16275,583.1310232780776
0.163,583.1310232780776
0.16325,583.1310232780776
0.1635,583.1310232780776
0.16375,583.1310232780776
0.164,583.1310232780776
0.16425,583.1310232780776
0.1645,583.1310232780776
0.16475,583.1310232780776
0.165,583.1310232780776
0.16525,583.1310232780776
0.1655,583.1310232780776
0.16575,583.1310232780776
0.166,583.1310232780776
0.16625,583.1310232780776
0.1665,583.1310232780776
0.16675,583.1310232780776
0.167,583.1310232780776
0.16725,583.1310232780776
0.1675,583.1310232780776
0.16775,583.1310232780776
0.168,583.1310232780776
0.16825,583.1310232780776
0.1685,583.1310232780776
0.16875,583.1310232780776
0.169,583.1310232780776
0.16925,583.1310232780776
0.1695,583.1310232780776
0.16975,583.1310232780776
0.17,583.1310232780776
0.17025,583.1310232780776
0.1705,583.1310232780776
0.17075,583.1310232780776
0.171,583.1310232780776
0.17125,583.1310232780776
0.1715,583.1310232780776
0.17175,583.1310232780776
0.172,583.1310232780776
0.17225,583.1310232780776
0.1725,583.1310232780776
0.17275,583.1310232780776
0.173,583.1310232780776
0.17325,583.1310232780776
0.1735,583.1310232780776
0.17375,583.1310232780776
0.174,583.1310232780776
0.17425,583.1310232780776
0.1745,583.1310232780776
0.17475,583.1310232780776
0.175,583.1310232780776
0.17525,583.1310232780776
0.1755,583.1310232780776
0.17575,583.1310232780776
0.176,583.1310232780776
0.17625,583.1310232780776
0.1765,583.1310232780776
0.17675,583.1310232780776
0.177,583.1310232780776
0.17725,583.1310232780776
0.1775,583.1310232780776
0.17775,583.1310232780776
0.178,583.1310232780776
0.17825,583.1310232780776
0.1785,583.1310232780776
0.17875,583.1310232780776
0.179,583.1310232780776
0.17925,583.1310232780776
0.1795,583.1310232780776
0.17975,583.1310232780776
0.18,583.1310232780776
0.18025,583.1310232780776
0.1805,583.1310232780776
0.18075,583.1310232780776
0.181,583.1310232780776
0.18125,583.1310232780776
0.1815,583.1310232780776
0.18175,583.1310232780776
0.182,583.1310232780776
0.18225,583.1310232780776
0.1825,583.1310232780776
0.18275,583.1310232780776
0.183,583.1310232780776
0.18325,583.1310232780776
0.1835,583.1310232780776
0.18375,583.1310232780776
0.184,583.1310232780776
0.18425,583.1310232780776
0.1845,583.1310232780776
0.18475,583.1310232780776
0.185,583.1310232780776
0.18525,583.1310232780776
0.1855,583.1310232780776
0.18575,583.1310232780776
0.186,583.1310232780776
0.18625,583.1310232780776
0.1865,583.1310232780776
0.18675,583.1310232780776
0.187,583.1310232780776
0.18725,583.1310232780776
0.1875,583.1310232780776
0.18775,583.1310232780776
0.188,583.1310232780776
0.18825,583.1310232780776
0.1885,583.1310232780776
0.18875,583.1310232780776
0.189,583.1310232780776
0.18925,583.1310232780776
0.1895,583.1310232780776
0.18975,583.1310232780776
0.19,583.1310232780776
0.19025,583.1310232780776
0.1905,583.1310232780776
0.19075,583.1310232780776
0.191,583.1310232780776
0.19125,583.1310232780776
0.1915,583.1310232780776
0.19175,583.1310232780776
0.192,10000
0.19225,10000
0.1925,10000
0.19275,10000
0.193,10000
0.19325,10000
0.1935,10000
0.19375,10000
0.194,10000
0.19425,10000
0.1945,10000
0.19475,10000
0.195,10000
0.19525,10000
0.1955,10000
0.19575,10000
0.196,10000
0.19625,10000
0.1965,10000
0.19675,10000
0.197,10000
0.19725,10000
0.1975,10000
0.19775,10000
0.198,10000
0.19825,10000
0.1985,10000
0.19875,10000
0.199,10000
0.19925,10000
0.1995,10000
0.19975,10000
0.2,10000
0.20025,10000
0.2005,10000
0.20075,10000
0.201,10000
0.20125,10000
0.2015,10000
0.20175,10000
0.202,10000
0.20225,10000
0.2025,10000
0.20275,10000
0.203,10000
0.20325,10000
0.2035,10000
0.20375,10000
0.204,10000
0.20425,10000
0.2045,10000
0.20475,10000
0.205,10000
0.20525,10000
0.2055,10000
0.20575,10000
0.206,10000
0.20625,10000
0.2065,10000
0.20675,10000
0.207,10000
0.20725,10000
0.2075,10000
0.20775,10000
0.208,10000
0.20825,10000
0.2085,10000
0.20875,10000
0.209,10000
0.20925,10000
0.2095,10000
0.20975,10000
0.21,10000
0.21025,10000
0.2105,10000
0.21075,10000
0.211,10000
0.21125,10000
0.2115,10000
0.21175,10000
0.212,10000
0.21225,10000
0.2125,10000
0.21275,10000
0.213,10000
0.21325,10000
0.2135,10000
0.21375,10000
0.214,10000
0.21425,10000
0.2145,10000
0.21475,10000
0.215,10000
0.21525,10000
0.2155,10000
0.21575,10000
0.216,10000
0.21625,10000
0.2165,10000
0.21675,10000
0.217,10000
0.21725,10000
0.2175,10000
0.21775,10000
0.218,10000
0.21825,10000
0.2185,10000
0.21875,10000
0.219,10000
0.21925,10000
0.2195,10000
0.21975,10000
0.22,10000
0.22025,10000
0.2205,10000
0.22075,10000
0.221,10000
0.22125,10000
0.2215,10000
0.22175,10000
0.222,10000
0.22225,10000
0.2225,10000
0.22275,10000
0.223,10000
0.22325,10000
0.2235,10000
0.22375,10000
0.224,10000
0.22425,10000
0.2245,10000
0.22475,10000
0.225,10000
0.22525,10000
0.2255,10000
0.22575,10000
0.226,10000
0.22625,10000
0.2265,10000
0.22675,10000
0.227,10000
0.22725,10000
0.2275,10000
0.22775,10000
0.228,10000
0.22825,10000
0.2285,10000
0.22875,10000
0.229,10000
0.22925,10000
0.2295,10000
0.22975,10000
0.23,10000
0.23025,10000
0.2305,10000
0.23075,10000
0.231,10000
0.23125,10000
0.2315,10000
0.23175,10000
0.232,10000
0.23225,10000
0.2325,10000
0.23275,10000
0.233,10000
0.23325,10000
0.2335,10000
0.23375,10000
0.234,10000
0.23425,10000
0.2345,10000
0.23475,10000
0.235,10000
0.23525,10000
0.2355,10000
0.23575,10000
0.236,10000
0.23625,10000
0.2365,10000
0.23675,10000
0.237,10000
0.23725,10000
0.2375,10000
0.23775,10000
0.238,10000
0.23825,10000
0.2385,10000
0.23875,10000
0.239,10000
0.23925,10000
0.2395,10000
0.23975,10000
0.24,10000
0.24025,10000
0.2405,10000
0.24075,10000
0.241,10000
0.24125,10000
0.2415,10000
0.24175,10000
0.242,10000
0.24225,10000
0.2425,10000
0.24275,10000
0.243,10000
0.24325,10000
0.2435,10000
0.24375,10000
0.244,10000
0.24425,10000
0.2445,10000
0.24475,10000
0.245,10000
0.24525,10000
0.2455,10000
0.24575,10000
0.246,10000
0.24625,10000
0.2465,10000
0.24675,10000
0.247,10000
0.24725,10000
0.2475,10000
0.24775,10000
0.248,10000
0.24825,10000
0.2485,10000
0.24875,10000
0.249,10000
0.24925,10000
0.2495,10000
0.24975,10000
0.25,10000
0.25025,10000
0.2505,10000
0.25075,10000
0.251,10000
0.25125,10000
0.2515,10000
0.25175,10000
0.252,10000
0.25225,10000
0.2525,10000
0.25275,10000
0.253,10000
0.25325,10000
0.2535,10000
0.25375,10000
0.254,10000
0.25425,10000
0.2545,10000
0.25475,10000
0.255,10000
0.25525,10000
0.2555,10000
0.25575,10000
0.256,10000
0.25625,10000
0.2565,10000
0.25675,10000
0.257,10000
0.25725,10000
0.2575,10000
0.25775,10000
0.258,10000
0.25825,10000
0.2585,10000
0.25875,10000
0.259,10000
0.25925,10000
0.2595,10000
0.25975,10000
0.26,10000
0.26025,10000
0.2605,10000
0.26075,10000
0.261,10000
0.26125,10000
0.2615,10000
0.26175,10000
0.262,10000
0.26225,10000
0.2625,10000
0.26275,10000
0.263,10000
0.26325,10000
0.2635,10000
0.26375,10000
0.264,10000
0.26425,10000
0.2645,10000
0.26475,10000
0.265,10000
0.26525,10000
0.2655,10000
0.26575,10000
0.266,10000
0.26625,10000
0.2665,10000
0.26675,10000
0.267,10000
0.26725,10000
0.2675,10000
0.26775,10000
0.268,10000
0.26825,10000
0.2685,10000
0.26875,10000
0.269,10000
0.26925,10000
0.2695,10000
0.26975,10000
0.27,10000
0.27025,10000
0.2705,10000
0.27075,10000
0.271,10000
0.27125,10000
0.2715,10000
0.27175,10000
0.272,10000
0.27225,10000
0.2725,10000
0.27275,10000
0.273,10000
0.27325,10000
0.2735,10000
0.27375,10000
0.274,10000
0.27425,10000
0.2745,10000
0.27475,10000
0.275,10000
0.27525,10000
0.2755,10000
0.27575,10000
0.276,10000
0.27625,10000
0.2765,10000
0.27675,10000
0.277,10000
0.27725,10000
0.2775,10000
0.27775,10000
0.278,10000
0.27825,10000
0.2785,10000
0.27875,10000
0.279,10000
0.27925,10000
0.2795,10000
0.27975,10000
0.28,10000
0.28025,10000
0.2805,10000
0.28075,10000
0.281,10000
0.28125,10000
0.2815,10000
0.28175,10000
0.282,10000
0.28225,10000
0.2825,10000
0.28275,10000
0.283,10000
0.28325,10000
0.2835,10000
0.28375,10000
0.284,10000
0.28425,10000
0.2845,10000
0.28475,10000
0.285,10000
0.28525,10000
0.2855,10000
0.28575,10000
0.286,10000
0.28625,10000
0.2865,10000
0.28675,10000
0.287,10000
0.28725,10000
0.2875,10000
0.28775,10000
0.288,10000
0.28825,10000
0.2885,10000
0.28875,10000
0.289,10000
0.28925,10000
0.2895,10000
0.28975,10000
0.29,10000
0.29025,10000
0.2905,10000
0.29075,10000
0.291,10000
0.29125,10000
0.2915,10000
0.29175,10000
0.292,10000
0.29225,10000
0.2925,10000
0.29275,10000
0.293,10000
0.29325,10000
0.2935,10000
0.29375,10000
0.294,10000
0.29425,10000
0.2945,10000
0.29475,10000
0.295,10000
0.29525,10000
0.2955,10000
0.29575,10000
0.296,10000
0.29625,10000
0.2965,10000
0.29675,10000
0.297,10000
0.29725,10000
0.2975,10000
0.29775,10000
0.298,10000
0.29825,10000
0.2985,10000
0.29875,10000
0.299,10000
0.29925,10000
0.2995,10000
0.29975,10000
0.3,10000
0.30025,10000
0.3005,10000
0.30075,10000
0.301,10000
0.30125,10000
0.3015,10000
0.30175,10000
0.302,10000
0.30225,10000
0.3025,10000
0.30275,10000
0.303,10000
0.30325,10000
0.3035,10000
0.30375,10000
0.304,10000
0.30425,10000
0.3045,10000
0.30475,10000
0.305,10000
0.30525,10000
0.3055,10000
0.30575,10000
0.306,10000
0.30625,10000
0.3065,10000
0.30675,10000
0.307,10000
0.30725,10000
0.3075,10000
0.30775,10000
0.308,10000
0.30825,10000
0.3085,10000
0.30875,10000
0.309,10000
0.30925,10000
0.3095,10000
0.30975,10000
0.31,10000
0.31025,10000
0.3105,10000
0.31075,10000
0.311,10000
0.31125,10000
0.3115,10000
0.31175,10000
0.312,10000
0.31225,10000
0.3125,10000
0.31275,10000
0.313,10000
0.31325,10000
0.3135,10000
0.31375,10000
0.314,10000
0.31425,10000
0.3145,10000
0.31475,10000
0.315,10000
0.31525,10000
0.3155,10000
0.31575,10000
0.316,10000
0.31625,10000
0.3165,10000
0.31675,10000
0.317,10000
0.31725,10000
0.3175,10000
0.31775,10000
0.318,10000
0.31825,10000
0.3185,10000
0.31875,10000
0.319,10000
0.31925,10000
0.3195,10000
0.31975,10000
0.32,10000
0.32025,10000
0.3205,10000
0.32075,10000
0.321,10000
0.32125,10000
0.3215,10000
0.32175,10000
0.322,10000
0.32225,10000
0.3225,10000
0.32275,10000
0.323,10000
0.32325,10000
0.3235,10000
0.32375,10000
0.324,10000
0.32425,10000
0.3245,10000
0.32475,10000
0.325,10000
0.32525,10000
0.3255,10000
0.32575,10000
0.326,10000
0.32625,10000
0.3265,10000
0.32675,10000
0.327,10000
0.32725,10000
0.3275,10000
0.32775,10000
0.328,10000
0.32825,10000
0.3285,10000
0.32875,10000
0.329,10000
0.32925,10000
0.3295,10000
0.32975,10000
0.33,10000
0.33025,10000
0.3305,10000
0.33075,10000
0.331,10000
0.33125,10000
0.3315,10000
0.33175,10000
0.332,10000
0.33225,10000
0.3325,10000
0.33275,10000
0.333,10000
0.33325,10000
0.3335,10000
0.33375,10000
0.334,10000
0.33425,10000
0.3345,10000
0.33475,10000
0.335,10000
0.33525,10000
0.3355,10000
0.33575,10000
0.336,10000
0.33625,10000
0.3365,10000
0.33675,10000
0.337,10000
0.33725,10000
0.3375,10000
0.33775,10000
0.338,10000
0.33825,10000
0.3385,10000
0.33875,10000
0.339,10000
0.33925,10000
0.3395,10000
0.33975,10000
0.34,10000
0.34025,10000
0.3405,10000
0.34075,10000
0.341,10000
0.34125,10000
0.3415,10000
0.34175,10000
0.342,10000
0.34225,10000
0.3425,10000
0.34275,10000
0.343,10000
0.34325,10000
0.3435,10000
0.34375,10000
0.344,10000
0.34425,10000
0.3445,10000
0.34475,10000
0.345,10000
0.34525,10000
0.3455,10000
0.34575,10000
0.346,10000
0.34625,10000
0.3465,10000
0.34675,10000
0.347,10000
0.34725,10000
0.3475,10000
0.34775,10000
0.348,10000
0.34825,10000
0.3485,10000
0.34875,10000
0.349,10000
0.34925,10000
0.3495,10000
0.34975,10000
0.35,10000
0.35025,10000
0.3505,10000
0.35075,10000
0.351,10000
0.35125,10000
0.3515,10000
0.35175,10000
0.352,10000
0.35225,10000
0.3525,10000
0.35275,10000
0.353,10000
0.35325,10000
0.3535,10000
0.35375,10000
0.354,10000
0.35425,10000
0.3545,10000
0.35475,10000
0.355,10000
0.35525,10000
0.3555,10000
0.35575,10000
0.356,10000
0.35625,10000
0.3565,10000
0.35675,10000
0.357,10000
0.35725,10000
0.3575,10000
0.35775,10000
0.358,10000
0.35825,10000
0.3585,10000
0.35875,10000
0.359,10000
0.35925,10000
0.3595,10000
0.35975,10000
0.36,10000
0.36025,10000
0.3605,10000
0.36075,10000
0.361,10000
0.36125,10000
0.3615,10000
0.36175,10000
0.362,10000
0.36225,10000
0.3625,10000
0.36275,10000
0.363,10000
0.36325,10000
0.3635,10000
0.36375,10000
0.364,10000
0.36425,10000
0.3645,10000
0.36475,10000
0.365,10000
0.36525,10000
0.3655,10000
0.36575,10000
0.366,10000
0.36625,10000
0.3665,10000
0.36675,10000
0.367,10000
0.36725,10000
0.3675,10000
0.36775,10000
0.368,10000
0.36825,10000
0.3685,10000
0.36875,10000
0.369,10000
0.36925,10000
0.3695,10000
0.36975,10000
0.37,10000
0.37025,10000
0.3705,10000
0.37075,10000
0.371,10000
0.37125,10000
0.3715,10000
0.37175,10000
0.372,10000
0.37225,10000
0.3725,10000
0.37275,10000
0.373,10000
0.37325,10000
0.3735,10000
0.37375,10000
0.374,10000
0.37425,10000
0.3745,10000
0.37475,10000
0.375,10000
0.37525,10000
0.3755,10000
0.37575,10000
0.376,10000
0.37625,10000
0.3765,10000
0.37675,10000
0.377,10000
0.37725,10000
0.3775,10000
0.37775,10000
0.378,10000
0.37825,10000
0.3785,10000
0.37875,10000
0.379,10000
0.37925,10000
0.3795,10000
0.37975,10000
0.38,10000
0.38025,10000
0.3805,10000
0.38075,10000
0.381,10000
0.38125,10000
0.3815,10000
0.38175,10000
0.382,10000
0.38225,10000
0.3825,10000
0.38275,10000
0.383,10000
0.38325,10000
0.3835,10000
0.38375,10000
0.384,10000
0.38425,10000
0.3845,10000
0.38475,10000
0.385,10000
0.38525,10000
0.3855,10000
0.38575,10000
0.386,10000
0.38625,10000
0.3865,10000
0.38675,10000
0.387,10000
0.38725,10000
0.3875,10000
0.38775,10000
0.388,10000
0.38825,10000
0.3885,10000
0.38875,10000
0.389,10000
0.38925,10000
0.3895,10000
0.38975,10000
0.39,10000
0.39025,10000
0.3905,10000
0.39075,10000
0.391,10000
0.39125,10000
0.3915,10000
0.39175,10000
0.392,10000
0.39225,10000
0.3925,10000
0.39275,10000
0.393,10000
0.39325,10000
0.3935,10000
0.39375,10000
0.394,10000
0.39425,10000
0.3945,10000
0.39475,10000
0.395,10000
0.39525,10000
0.3955,10000
0.39575,10000
0.396,10000
0.39625,10000
0.3965,10000
0.39675,10000
0.397,10000
0.39725,10000
0.3975,10000
0.39775,10000
0.398,10000
0.39825,10000
0.3985,10000
0.39875,10000
0.399,10000
0.39925,10000
0.3995,10000
0.39975,10000
0.4,10000
0.40025,10000
0.4005,10000
0.40075,10000
0.401,10000
0.40125,10000
0.4015,10000
0.40175,10000
0.402,10000
0.40225,10000
0.4025,10000
0.40275,10000
0.403,10000
0.40325,10000
0.4035,10000
0.40375,10000
0.404,10000
0.40425,10000
0.4045,10000
0.40475,10000
0.405,10000
0.40525,10000
0.4055,10000
0.40575,10000
0.406,10000
0.40625,10000
0.4065,10000
0.40675,10000
0.407,10000
0.40725,10000
0.4075,10000
0.40775,10000
0.408,10000
0.40825,10000
0.4085,10000
0.40875,10000
0.409,10000
0.40925,10000
0.4095,10000
0.40975,10000
0.41,10000
0.41025,10000
0.4105,10000
0.41075,10000
0.411,10000
0.41125,10000
0.4115,10000
0.41175,10000
0.412,10000
0.41225,10000
0.4125,10000
0.41275,10000
0.413,10000
0.41325,10000
0.4135,10000
0.41375,10000
0.414,10000
0.41425,10000
0.4145,10000
0.41475,10000
0.415,10000
0.41525,10000
0.4155,10000
0.41575,10000
0.416,10000
0.41625,10000
0.4165,10000
0.41675,10000
0.417,10000
0.41725,10000
0.4175,10000
0.41775,10000
0.418,10000
0.41825,10000
0.4185,10000
0.41875,10000
0.419,10000
0.41925,10000
0.4195,10000
0.41975,10000
0.42,10000
0.42025,10000
0.4205,10000
0.42075,10000
0.421,10000
0.42125,10000
0.4215,10000
0.42175,10000
0.422,10000
0.42225,10000
0.4225,10000
0.42275,10000
0.423,10000
0.42325,10000
0.4235,10000
0.42375,10000
0.424,10000
0.42425,10000
0.4245,10000
0.42475,10000
0.425,10000
0.42525,10000
0.4255,10000
0.42575,10000
0.426,10000
0.42625,10000
0.4265,10000
0.42675,10000
0.427,10000
0.42725,10000
0.4275,10000
0.42775,10000
0.428,10000
0.42825,10000
0.4285,10000
0.42875,10000
0.429,10000
0.42925,10000
0.4295,10000
0.42975,10000
0.43,10000
0.43025,10000
0.4305,10000
0.43075,10000
0.431,10000
0.43125,10000
0.4315,10000
0.43175,10000
0.432,10000
0.43225,10000
0.4325,10000
0.43275,10000
0.433,10000
0.43325,10000
0.4335,10000
0.43375,10000
0.434,10000
0.43425,10000
0.4345,10000
0.43475,10000
0.435,10000
0.43525,10000
0.4355,10000
0.43575,10000
0.436,10000
0.43625,10000
0.4365,10000
0.43675,10000
0.437,10000
0.43725,10000
0.4375,10000
0.43775,10000
0.438,10000
0.43825,10000
0.4385,10000
0.43875,10000
0.439,10000
0.43925,10000
0.4395,10000
0.43975,10000
0.44,10000
0.44025,10000
0.4405,10000
0.44075,10000
0.441,10000
0.44125,10000
0.4415,10000
0.44175,10000
0.442,10000
0.44225,10000
0.4425,10000
0.44275,10000
0.443,10000
0.44325,10000
0.4435,10000
0.44375,10000
0.444,10000
0.44425,10000
0.4445,10000
0.44475,10000
0.445,10000
0.44525,10000
0.4455,10000
0.44575,10000
0.446,10000
0.44625,10000
0.4465,10000
0.44675,10000
0.447,10000
0.44725,10000
0.4475,10000
0.44775,10000
0.448,10000
0.44825,10000
0.4485,10000
0.44875,10000
0.449,10000
0.44925,10000
0.4495,10000
0.44975,10000
0.45,10000
0.45025,10000
0.4505,10000
0.45075,10000
0.451,10000
0.45125,10000
0.4515,10000
0.45175,10000
0.452,10000
0.45225,10000
0.4525,10000
0.45275,10000
0.453,10000
0.45325,10000
0.4535,10000
0.45375,10000
0.454,10000
0.45425,10000
0.4545,10000
0.45475,10000
0.455,10000
0.45525,10000
0.4555,10000
0.45575,10000
0.456,10000
0.45625,10000
0.4565,10000
0.45675,10000
0.457,10000
0.45725,10000
0.4575,10000
0.45775,10000
0.458,10000
0.45825,10000
0.4585,10000
0.45875,10000
0.459,10000
0.45925,10000
0.4595,10000
0.45975,10000
0.46,10000
0.46025,10000
0.4605,10000
0.46075,10000
0.461,10000
0.46125,10000
0.4615,10000
0.46175,10000
0.462,10000
0.46225,10000
0.4625,10000
0.46275,10000
0.463,10000
0.46325,10000
0.4635,10000
0.46375,10000
0.464,10000
0.46425,10000
0.4645,10000
0.46475,10000
0.465,10000
0.46525,10000
0.4655,10000
0.46575,10000
0.466,10000
0.46625,10000
0.4665,10000
0.46675,10000
0.467,10000
0.46725,10000
0.4675,10000
0.46775,10000
0.468,10000
0.46825,10000
0.4685,10000
0.46875,10000
0.469,10000
0.46925,10000
0.4695,10000
0.46975,10000
0.47,10000
0.47025,10000
0.4705,10000
0.47075,10000
0.471,10000
0.47125,10000
0.4715,10000
0.47175,10000
0.472,10000
0.47225,10000
0.4725,10000
0.47275,10000
0.473,10000
0.47325,10000
0.4735,10000
0.47375,10000
0.474,10000
0.47425,10000
0.4745,10000
0.47475,10000
0.475,10000
0.47525,10000
0.4755,10000
0.47575,10000
0.476,10000
0.47625,10000
0.4765,10000
0.47675,10000
0.477,10000
0.47725,10000
0.4775,10000
0.47775,10000
0.478,10000
0.47825,10000
0.4785,10000
0.47875,10000
0.479,10000
0.47925,10000
0.4795,10000
0.47975,10000
0.48,10000
0.48025,10000
0.4805,10000
0.48075,10000
0.481,10000
0.48125,10000
0.4815,10000
0.48175,10000
0.482,10000
0.48225,10000
0.4825,10000
0.48275,10000
0.483,10000
0.48325,10000
0.4835,10000
0.48375,10000
0.484,10000
0.48425,10000
0.4845,10000
0.48475,10000
0.485,10000
0.48525,10000
0.4855,10000
0.48575,10000
0.486,10000
0.48625,10000
0.4865,10000
0.48675,10000
0.487,10000
0.48725,10000
0.4875,10000
0.48775,10000
0.488,10000
0.48825,10000
0.4885,10000
0.48875,10000
0.489,10000
0.48925,10000
0.4895,10000
0.48975,10000
0.49,10000
0.49025,10000
0.4905,10000
0.49075,10000
0.491,10000
0.49125,10000
0.4915,10000
0.49175,10000
0.492,10000
0.49225,10000
0.4925,10000
0.49275,10000
0.493,10000
0.49325,10000
0.4935,10000
0.49375,10000
0.494,10000
0.49425,10000
0.4945,10000
0.49475,10000
0.495,10000
0.49525,10000
0.4955,10000
0.49575,10000
0.496,10000
0.49625,10000
0.4965,10000
0.49675,10000
0.497,10000
0.49725,10000
0.4975,10000
0.49775,10000
0.498,10000
0.49825,10000
0.4985,10000
0.49875,10000
0.499,10000
0.49925,10000
0.4995,10000
0.49975,10000
0.5,10000
